Citizenship Country,Atlanta Area of Responsibility,Baltimore Area of Responsibility,Boston Area of Responsibility,Buffalo Area of Responsibility,Chicago Area of Responsibility,Dallas Area of Responsibility,Denver Area of Responsibility,Detroit Area of Responsibility,El Paso Area of Responsibility,HQ Area of Responsibility,Harlingen Area of Responsibility,Houston Area of Responsibility,Los Angeles Area of Responsibility,Miami Area of Responsibility,New Orleans Area of Responsibility,New York City Area of Responsibility,Newark Area of Responsibility,Philadelphia Area of Responsibility,Phoenix Area of Responsibility,Salt Lake City Area of Responsibility,San Antonio Area of Responsibility,San Diego Area of Responsibility,San Francisco Area of Responsibility,Seattle Area of Responsibility,St. Paul Area of Responsibility,Washington Area of Responsibility
AFGHANISTAN,0.99,0.0,2.97,0.99,0.99,8.91,0.99,0.0,0.0,0.0,0.0,2.97,6.93,0.0,0.99,0.0,0.0,2.97,1.98,0.0,26.73,0.99,6.93,1.98,0.99,30.69
ALBANIA,3.7,0.0,11.11,3.7,0.0,3.7,0.0,18.52,0.0,0.0,3.7,0.0,0.0,25.93,0.0,11.11,7.41,7.41,0.0,0.0,3.7,0.0,0.0,0.0,0.0,0.0
ALGERIA,0.0,0.0,10.0,10.0,0.0,10.0,0.0,10.0,0.0,0.0,0.0,0.0,0.0,0.0,0.0,0.0,10.0,40.0,0.0,0.0,0.0,10.0,0.0,0.0,0.0,0.0
ANDORRA,,,,,,,,,,,,,,,,,,,,,,,,,,
ANGOLA,1.89,0.0,56.6,1.89,0.0,7.55,0.0,3.77,0.0,0.0,0.0,3.77,0.0,1.89,1.89,0.0,1.89,0.0,0.0,0.0,5.66,0.0,0.0,9.43,1.89,1.89
ANGUILLA,0.0,0.0,0.0,0.0,0.0,0.0,0.0,0.0,0.0,0.0,0.0,0.0,0.0,100.0,0.0,0.0,0.0,0.0,0.0,0.0,0.0,0.0,0.0,0.0,0.0,0.0
ANTIGUA-BARBUDA,25.0,0.0,0.0,25.0,0.0,0.0,0.0,0.0,0.0,0.0,0.0,0.0,0.0,25.0,25.0,0.0,0.0,0.0,0.0,0.0,0.0,0.0,0.0,0.0,0.0,0.0
ARGENTINA,1.35,1.35,1.35,0.0,0.0,8.11,0.0,1.35,0.0,0.0,0.0,1.35,4.05,59.46,4.05,4.05,1.35,0.0,0.0,2.7,1.35,1.35,1.35,1.35,0.0,4.05
ARMENIA,0.0,0.0,0.0,0.0,0.0,2.22,2.22,0.0,2.22,0.0,0.0,0.0,64.44,2.22,0.0,0.0,0.0,6.67,2.22,13.33,0.0,0.0,4.44,0.0,0.0,0.0
AUSTRALIA,7.14,0.0,0.0,0.0,7.14,0.0,0.0,0.0,0.0,0.0,0.0,0.0,0.0,7.14,14.29,7.14,0.0,14.29,14.29,7.14,0.0,7.14,0.0,0.0,7.14,7.14
AZERBAIJAN,0.0,3.12,3.12,0.0,0.0,3.12,0.0,3.12,0.0,0.0,0.0,3.12,0.0,6.25,0.0,6.25,0.0,12.5,3.12,6.25,31.25,6.25,0.0,0.0,0.0,12.5
BAHAMAS,14.78,0.0,0.0,0.87,4.35,0.87,0.0,3.48,0.0,0.0,0.0,0.0,0.0,60.87,10.43,0.87,0.0,0.87,0.87,0.87,0.0,0.0,0.0,0.87,0.0,0.0
BAHRAIN,0.0,100.0,0.0,0.0,0.0,0.0,0.0,0.0,0.0,0.0,0.0,0.0,0.0,0.0,0.0,0.0,0.0,0.0,0.0,0.0,0.0,0.0,0.0,0.0,0.0,0.0
BANGLADESH,4.35,2.9,2.9,2.9,0.0,1.45,0.0,8.7,1.45,0.0,0.0,0.0,4.35,13.04,0.0,37.68,1.45,4.35,1.45,0.0,0.0,0.0,2.9,0.0,0.0,10.14
BARBADOS,0.0,0.0,20.0,0.0,0.0,20.0,0.0,0.0,0.0,0.0,0.0,0.0,0.0,10.0,20.0,0.0,0.0,20.0,0.0,0.0,0.0,0.0,0.0,0.0,0.0,10.0
BELARUS,0.0,0.0,0.0,0.0,7.41,0.0,0.0,0.0,0.0,0.0,0.0,0.0,0.0,40.74,0.0,0.0,14.81,18.52,0.0,0.0,7.41,0.0,0.0,0.0,11.11,0.0
BELGIUM,0.0,0.0,7.14,0.0,0.0,7.14,7.14,0.0,0.0,0.0,0.0,0.0,7.14,42.86,0.0,7.14,0.0,0.0,0.0,14.29,0.0,7.14,0.0,0.0,0.0,0.0
BELIZE,5.48,2.74,0.0,1.37,5.48,12.33,1.37,5.48,0.0,0.0,1.37,9.59,20.55,2.74,9.59,1.37,2.74,4.11,2.74,1.37,1.37,0.0,2.74,1.37,1.37,2.74
BENIN,0.0,0.0,9.09,0.0,0.0,0.0,0.0,0.0,0.0,0.0,0.0,0.0,0.0,0.0,0.0,18.18,9.09,18.18,0.0,0.0,18.18,0.0,0.0,0.0,0.0,27.27
BHUTAN,3.45,0.0,1.72,1.72,6.9,0.0,0.0,31.03,0.0,0.0,0.0,1.72,0.0,0.0,0.0,1.72,0.0,31.03,1.72,5.17,0.0,0.0,0.0,1.72,12.07,0.0
BOLIVIA,2.06,2.47,0.82,0.41,1.65,1.65,0.0,0.0,0.0,0.0,1.23,0.41,0.82,5.76,2.88,0.41,0.41,2.06,0.0,0.82,0.41,0.0,0.41,0.82,0.41,74.07
BOSNIA-HERZEGOVINA,0.0,0.0,12.5,6.25,37.5,0.0,0.0,0.0,0.0,0.0,0.0,0.0,0.0,12.5,0.0,0.0,0.0,0.0,6.25,6.25,0.0,0.0,0.0,0.0,18.75,0.0
BOTSWANA,0.0,0.0,0.0,50.0,0.0,0.0,0.0,0.0,0.0,0.0,0.0,0.0,0.0,0.0,0.0,0.0,0.0,0.0,0.0,0.0,0.0,0.0,0.0,0.0,0.0,50.0
BRAZIL,5.3,1.85,53.02,1.97,0.8,0.99,0.06,1.23,0.25,0.0,0.12,0.12,0.18,17.02,1.05,0.25,6.29,5.8,0.06,0.49,0.43,0.31,0.49,0.43,0.49,0.99
BRITISH VIRGIN ISLANDS,0.0,0.0,0.0,0.0,0.0,0.0,0.0,0.0,0.0,0.0,0.0,0.0,0.0,100.0,0.0,0.0,0.0,0.0,0.0,0.0,0.0,0.0,0.0,0.0,0.0,0.0
BULGARIA,0.0,22.22,0.0,11.11,0.0,0.0,0.0,11.11,0.0,0.0,0.0,0.0,11.11,11.11,0.0,0.0,11.11,11.11,11.11,0.0,0.0,0.0,0.0,0.0,0.0,0.0
BURKINA FASO,0.0,0.0,3.7,7.41,3.7,3.7,7.41,0.0,0.0,0.0,0.0,7.41,0.0,7.41,3.7,18.52,29.63,0.0,0.0,0.0,0.0,0.0,0.0,0.0,7.41,0.0
BURMA,4.05,0.0,0.0,2.7,31.08,10.81,2.7,0.0,0.0,0.0,0.0,5.41,0.0,1.35,4.05,2.7,0.0,0.0,4.05,0.0,0.0,0.0,0.0,2.7,27.03,1.35
BURUNDI,0.0,0.0,25.0,0.0,0.0,12.5,0.0,0.0,0.0,0.0,0.0,0.0,0.0,0.0,25.0,0.0,0.0,0.0,25.0,12.5,0.0,0.0,0.0,0.0,0.0,0.0
CAMBODIA,2.22,0.0,28.89,0.0,2.22,6.67,0.0,0.0,0.0,0.0,0.0,0.0,8.89,0.0,2.22,0.0,0.0,2.22,4.44,2.22,0.0,6.67,24.44,4.44,0.0,4.44
CAMEROON,0.0,15.38,1.28,0.0,3.85,3.85,0.0,11.54,1.28,0.0,1.28,1.28,5.13,0.0,0.0,1.28,0.0,2.56,0.0,0.0,3.85,1.28,0.0,1.28,1.28,43.59
CANADA,5.56,3.33,4.44,3.33,6.67,2.22,2.22,3.33,0.0,0.0,0.0,5.56,2.22,25.56,4.44,2.22,0.0,12.22,1.11,4.44,0.0,1.11,2.22,3.33,3.33,1.11
CAPE VERDE,0.0,0.0,96.3,0.0,0.0,0.0,0.0,0.0,0.0,0.0,0.0,0.0,0.0,0.0,0.0,0.0,0.0,3.7,0.0,0.0,0.0,0.0,0.0,0.0,0.0,0.0
CENTRAL AFRICAN REPUBLIC,0.0,0.0,0.0,0.0,0.0,0.0,0.0,0.0,0.0,0.0,0.0,0.0,0.0,0.0,0.0,0.0,0.0,0.0,0.0,33.33,0.0,0.0,0.0,0.0,33.33,33.33
CHAD,0.0,0.0,0.0,0.0,25.0,0.0,0.0,0.0,0.0,0.0,0.0,0.0,0.0,25.0,0.0,25.0,0.0,0.0,0.0,0.0,0.0,0.0,0.0,25.0,0.0,0.0
CHILE,1.74,1.74,0.43,0.87,5.22,4.35,4.35,2.61,0.0,0.0,1.3,1.3,7.39,35.65,2.17,4.78,3.91,2.61,1.3,12.61,3.04,0.0,1.74,0.43,0.0,0.43
"CHINA, PEOPLES REPUBLIC OF",2.86,1.21,2.53,2.97,3.85,12.43,0.99,2.97,0.44,0.0,0.77,3.08,19.25,4.07,5.72,12.43,1.54,4.18,1.21,2.31,1.98,1.32,6.93,1.43,1.21,2.31
COLOMBIA,8.95,0.54,4.53,1.02,6.03,5.04,5.41,1.98,1.73,0.03,0.59,3.62,6.12,18.88,3.88,3.77,7.19,2.32,1.22,3.51,4.78,0.76,2.12,1.39,1.1,3.48
CONGO,8.33,0.0,33.33,8.33,0.0,16.67,0.0,4.17,4.17,4.17,0.0,0.0,0.0,0.0,0.0,0.0,0.0,4.17,4.17,0.0,4.17,0.0,0.0,0.0,4.17,4.17
COSTA RICA,6.9,1.72,2.59,5.17,2.59,6.03,2.59,1.72,2.59,0.0,2.59,1.72,0.0,17.24,5.17,0.0,22.41,9.48,0.86,0.0,2.59,0.0,1.72,0.0,0.0,4.31
CROATIA,0.0,0.0,0.0,0.0,0.0,0.0,0.0,0.0,0.0,0.0,0.0,0.0,0.0,50.0,0.0,0.0,0.0,0.0,0.0,50.0,0.0,0.0,0.0,0.0,0.0,0.0
CUBA,1.8,0.14,0.25,0.32,2.72,6.68,1.31,1.1,4.98,0.0,1.45,8.45,0.99,43.99,3.78,0.11,0.53,0.53,3.04,2.01,12.19,0.46,0.18,0.28,0.85,1.87
CZECH REPUBLIC,33.33,0.0,0.0,0.0,0.0,0.0,0.0,0.0,0.0,0.0,0.0,0.0,0.0,50.0,0.0,16.67,0.0,0.0,0.0,0.0,0.0,0.0,0.0,0.0,0.0,0.0
DEM REP OF THE CONGO,1.96,0.0,23.53,5.88,15.69,9.8,0.0,7.84,0.0,0.0,0.0,0.0,1.96,1.96,1.96,0.0,0.0,1.96,7.84,3.92,3.92,0.0,1.96,0.0,5.88,3.92
DENMARK,0.0,0.0,0.0,0.0,0.0,0.0,0.0,0.0,0.0,0.0,0.0,0.0,0.0,50.0,50.0,0.0,0.0,0.0,0.0,0.0,0.0,0.0,0.0,0.0,0.0,0.0
DJIBOUTI,0.0,0.0,100.0,0.0,0.0,0.0,0.0,0.0,0.0,0.0,0.0,0.0,0.0,0.0,0.0,0.0,0.0,0.0,0.0,0.0,0.0,0.0,0.0,0.0,0.0,0.0
DOMINICA,0.0,0.0,0.0,0.0,0.0,0.0,0.0,0.0,0.0,0.0,0.0,0.0,0.0,87.5,0.0,0.0,12.5,0.0,0.0,0.0,0.0,0.0,0.0,0.0,0.0,0.0
DOMINICAN REPUBLIC,2.48,0.72,25.25,2.04,1.65,0.5,0.06,1.87,0.11,0.0,0.0,0.5,0.39,20.85,2.59,7.81,11.44,18.76,0.66,0.5,0.39,0.11,0.0,0.0,0.28,1.1
EAST TIMOR,0.0,0.0,0.0,0.0,0.0,0.0,0.0,0.0,0.0,0.0,0.0,0.0,0.0,100.0,0.0,0.0,0.0,0.0,0.0,0.0,0.0,0.0,0.0,0.0,0.0,0.0
ECUADOR,2.27,1.42,17.77,9.06,3.7,1.49,0.14,1.22,0.58,0.0,0.31,0.85,1.8,3.87,1.05,18.96,16.79,5.56,0.88,0.61,1.66,0.24,0.14,0.27,7.94,1.42
EGYPT,2.31,0.0,4.62,0.0,3.85,4.62,4.62,3.08,0.0,0.0,0.0,1.54,1.54,6.92,17.69,0.77,10.77,7.69,0.77,0.77,1.54,0.77,0.77,0.0,2.31,23.08
EL SALVADOR,5.04,6.73,4.18,0.56,3.39,9.11,1.59,1.78,0.41,0.04,1.56,13.81,5.53,5.92,6.99,4.24,2.62,1.67,0.64,2.89,3.05,0.36,2.49,0.67,2.59,12.14
EQUATORIAL GUINEA,14.29,0.0,0.0,0.0,14.29,7.14,0.0,0.0,0.0,0.0,0.0,7.14,0.0,7.14,0.0,0.0,0.0,21.43,0.0,0.0,0.0,0.0,0.0,0.0,0.0,28.57
ERITREA,11.76,2.94,5.88,2.94,5.88,5.88,8.82,2.94,0.0,0.0,0.0,0.0,0.0,0.0,5.88,0.0,0.0,2.94,2.94,5.88,8.82,5.88,5.88,2.94,8.82,2.94
ESTONIA,0.0,0.0,0.0,0.0,0.0,0.0,0.0,0.0,0.0,0.0,0.0,0.0,0.0,100.0,0.0,0.0,0.0,0.0,0.0,0.0,0.0,0.0,0.0,0.0,0.0,0.0
ETHIOPIA,3.64,7.27,0.0,0.0,5.45,3.64,1.82,5.45,0.0,0.0,0.0,0.0,0.0,1.82,3.64,0.0,0.0,5.45,1.82,1.82,1.82,3.64,3.64,9.09,9.09,30.91
FIJI,0.0,0.0,0.0,0.0,0.0,0.0,0.0,0.0,0.0,0.0,0.0,0.0,0.0,0.0,0.0,0.0,0.0,0.0,0.0,0.0,0.0,0.0,100.0,0.0,0.0,0.0
FINLAND,50.0,0.0,0.0,0.0,0.0,50.0,0.0,0.0,0.0,0.0,0.0,0.0,0.0,0.0,0.0,0.0,0.0,0.0,0.0,0.0,0.0,0.0,0.0,0.0,0.0,0.0
FRANCE,4.17,0.0,4.17,0.0,0.0,0.0,0.0,4.17,0.0,0.0,0.0,4.17,4.17,33.33,0.0,4.17,8.33,8.33,4.17,4.17,0.0,0.0,4.17,0.0,4.17,8.33
GABON,0.0,0.0,0.0,0.0,0.0,33.33,0.0,0.0,0.0,0.0,0.0,0.0,0.0,0.0,0.0,0.0,33.33,33.33,0.0,0.0,0.0,0.0,0.0,0.0,0.0,0.0
GAMBIA,13.33,20.0,0.0,0.0,6.67,0.0,0.0,13.33,0.0,0.0,0.0,6.67,0.0,0.0,0.0,13.33,0.0,0.0,6.67,0.0,0.0,0.0,0.0,6.67,13.33,0.0
GEORGIA,0.0,2.5,5.0,5.0,1.25,0.0,0.0,2.5,0.0,0.0,1.25,2.5,1.25,5.0,2.5,27.5,7.5,33.75,0.0,0.0,1.25,0.0,0.0,0.0,0.0,1.25
GERMANY,10.0,0.0,0.0,0.0,5.0,15.0,0.0,0.0,0.0,0.0,0.0,0.0,5.0,10.0,10.0,0.0,5.0,5.0,5.0,10.0,0.0,0.0,0.0,5.0,5.0,10.0
GHANA,9.78,4.35,7.61,1.09,4.35,4.35,1.09,8.7,1.09,0.0,1.09,2.17,0.0,0.0,2.17,9.78,7.61,13.04,1.09,2.17,2.17,1.09,0.0,1.09,0.0,14.13
GREECE,0.0,0.0,12.5,0.0,25.0,0.0,0.0,0.0,0.0,0.0,0.0,0.0,0.0,12.5,0.0,0.0,12.5,25.0,0.0,0.0,0.0,0.0,0.0,0.0,0.0,12.5
GRENADA,16.67,0.0,33.33,16.67,0.0,0.0,0.0,0.0,0.0,0.0,0.0,16.67,0.0,16.67,0.0,0.0,0.0,0.0,0.0,0.0,0.0,0.0,0.0,0.0,0.0,0.0
GUADELOUPE,0.0,33.33,66.67,0.0,0.0,0.0,0.0,0.0,0.0,0.0,0.0,0.0,0.0,0.0,0.0,0.0,0.0,0.0,0.0,0.0,0.0,0.0,0.0,0.0,0.0,0.0
GUATEMALA,9.03,2.59,4.71,0.9,6.41,5.2,0.83,2.65,0.75,0.03,1.23,6.38,3.68,18.55,13.25,1.04,2.5,3.46,2.13,1.66,3.16,0.72,0.92,0.69,3.56,3.98
GUINEA,8.33,0.0,3.57,3.57,8.33,0.0,0.0,1.19,0.0,0.0,1.19,0.0,0.0,0.0,2.38,28.57,4.76,11.9,3.57,0.0,3.57,2.38,0.0,1.19,4.76,10.71
GUINEA-BISSAU,0.0,0.0,25.0,0.0,0.0,25.0,0.0,25.0,0.0,0.0,0.0,0.0,0.0,0.0,0.0,25.0,0.0,0.0,0.0,0.0,0.0,0.0,0.0,0.0,0.0,0.0
GUYANA,11.36,2.27,0.0,27.27,0.0,0.0,0.0,2.27,0.0,0.0,0.0,0.0,2.27,11.36,2.27,15.91,9.09,9.09,0.0,0.0,0.0,0.0,0.0,0.0,2.27,4.55
HAITI,5.03,2.44,8.44,0.65,6.33,0.16,0.32,2.92,0.49,0.0,0.16,0.32,0.49,45.13,3.73,5.84,3.9,7.31,0.32,0.32,0.16,1.79,0.16,0.97,0.81,1.79
HONDURAS,8.8,2.24,1.26,0.16,5.82,8.47,1.38,1.97,0.55,0.0,1.85,14.03,1.45,12.43,13.43,1.36,1.95,1.91,0.6,1.88,9.5,0.13,1.01,0.84,1.98,5.01
HONG KONG,0.0,11.11,11.11,0.0,11.11,0.0,0.0,11.11,0.0,0.0,0.0,11.11,11.11,11.11,0.0,11.11,11.11,0.0,0.0,0.0,0.0,0.0,0.0,0.0,0.0,0.0
HUNGARY,0.0,0.0,0.0,17.39,0.0,0.0,0.0,0.0,0.0,0.0,0.0,4.35,8.7,47.83,0.0,4.35,4.35,4.35,0.0,0.0,0.0,0.0,0.0,0.0,4.35,4.35
INDIA,6.12,0.5,2.12,2.38,10.88,3.38,1.0,3.25,0.38,0.0,0.62,4.62,6.5,3.5,7.12,4.0,4.12,4.5,2.25,0.62,3.25,0.75,18.0,4.5,1.12,4.5
INDONESIA,0.0,2.86,0.0,0.0,0.0,5.71,5.71,2.86,0.0,0.0,0.0,2.86,25.71,2.86,17.14,5.71,2.86,11.43,0.0,5.71,2.86,0.0,0.0,5.71,0.0,0.0
IRAN,1.67,1.67,0.0,2.08,2.08,3.33,3.75,2.5,2.08,0.0,0.0,5.0,28.33,7.5,2.08,5.42,0.83,0.42,4.17,3.33,16.25,1.67,2.92,0.83,0.42,1.67
IRAQ,0.0,0.0,4.26,0.0,14.89,8.51,0.0,8.51,2.13,0.0,0.0,0.0,6.38,2.13,6.38,0.0,0.0,2.13,14.89,6.38,6.38,12.77,2.13,2.13,0.0,0.0
IRELAND,5.26,0.0,23.68,0.0,2.63,7.89,0.0,0.0,0.0,0.0,0.0,0.0,0.0,15.79,5.26,2.63,13.16,2.63,0.0,0.0,0.0,0.0,0.0,0.0,0.0,21.05
ISRAEL,4.88,0.0,0.0,0.0,7.32,7.32,0.0,12.2,0.0,0.0,4.88,4.88,7.32,29.27,4.88,2.44,0.0,2.44,2.44,0.0,2.44,0.0,4.88,0.0,0.0,2.44
ITALY,4.26,4.26,17.02,2.13,4.26,4.26,2.13,2.13,0.0,0.0,0.0,2.13,0.0,27.66,4.26,0.0,6.38,6.38,0.0,8.51,2.13,0.0,0.0,0.0,0.0,2.13
IVORY COAST,26.32,15.79,5.26,0.0,5.26,10.53,0.0,5.26,5.26,0.0,0.0,0.0,0.0,5.26,0.0,0.0,5.26,0.0,0.0,0.0,0.0,0.0,0.0,0.0,5.26,10.53
JAMAICA,8.04,2.45,5.59,4.55,1.4,0.7,0.0,1.05,0.52,0.0,0.0,1.05,1.05,36.89,11.19,8.22,5.59,6.99,0.7,0.35,0.17,0.17,0.17,0.17,0.35,2.62
JAPAN,0.0,0.0,0.0,0.0,33.33,0.0,0.0,0.0,0.0,0.0,0.0,0.0,33.33,0.0,0.0,0.0,0.0,0.0,0.0,0.0,0.0,0.0,0.0,33.33,0.0,0.0
JORDAN,4.76,0.0,1.59,0.79,10.32,13.49,0.0,5.56,0.79,0.0,0.0,7.94,3.97,11.9,12.7,0.0,3.17,3.17,0.79,0.0,6.35,0.0,1.59,0.79,0.0,10.32
KAZAKHSTAN,0.0,0.0,5.88,5.88,0.0,2.94,0.0,2.94,0.0,0.0,0.0,2.94,14.71,17.65,2.94,2.94,11.76,11.76,0.0,0.0,2.94,2.94,2.94,8.82,0.0,0.0
KENYA,5.36,8.93,5.36,0.0,5.36,12.5,1.79,3.57,0.0,0.0,0.0,5.36,0.0,3.57,12.5,3.57,5.36,3.57,10.71,0.0,1.79,0.0,0.0,7.14,1.79,1.79
KOREA,0.0,0.0,0.0,0.0,0.0,60.0,0.0,0.0,0.0,0.0,0.0,0.0,40.0,0.0,0.0,0.0,0.0,0.0,0.0,0.0,0.0,0.0,0.0,0.0,0.0,0.0
KOSOVO,0.0,0.0,0.0,0.0,0.0,0.0,0.0,0.0,0.0,0.0,0.0,0.0,0.0,0.0,0.0,20.0,0.0,20.0,0.0,0.0,40.0,0.0,0.0,0.0,20.0,0.0
KUWAIT,0.0,0.0,0.0,0.0,0.0,0.0,0.0,0.0,0.0,0.0,0.0,0.0,33.33,66.67,0.0,0.0,0.0,0.0,0.0,0.0,0.0,0.0,0.0,0.0,0.0,0.0
KYRGYZSTAN,0.0,6.9,0.0,0.0,24.14,0.0,3.45,0.0,0.0,0.0,0.0,0.0,13.79,6.9,10.34,3.45,0.0,17.24,0.0,0.0,0.0,0.0,0.0,6.9,3.45,3.45
LAOS,4.05,0.68,4.73,0.68,6.76,12.16,1.35,0.68,0.68,0.0,0.0,1.35,6.08,3.38,17.57,0.0,0.0,1.35,2.03,2.7,0.0,6.08,17.57,0.0,10.14,0.0
LATVIA,16.67,16.67,16.67,0.0,0.0,0.0,0.0,0.0,0.0,0.0,0.0,0.0,0.0,16.67,16.67,0.0,0.0,16.67,0.0,0.0,0.0,0.0,0.0,0.0,0.0,0.0
LEBANON,0.0,0.0,7.41,0.0,3.7,3.7,0.0,22.22,0.0,0.0,0.0,3.7,7.41,3.7,7.41,7.41,0.0,3.7,14.81,0.0,3.7,0.0,3.7,7.41,0.0,0.0
LIBERIA,8.62,6.9,12.07,3.45,6.9,3.45,0.0,0.0,3.45,0.0,0.0,0.0,0.0,1.72,0.0,1.72,5.17,8.62,3.45,0.0,0.0,0.0,0.0,0.0,31.03,3.45
LIBYA,25.0,0.0,0.0,0.0,50.0,0.0,0.0,0.0,0.0,0.0,0.0,25.0,0.0,0.0,0.0,0.0,0.0,0.0,0.0,0.0,0.0,0.0,0.0,0.0,0.0,0.0
LITHUANIA,0.0,0.0,0.0,0.0,66.67,0.0,0.0,0.0,0.0,0.0,0.0,0.0,0.0,33.33,0.0,0.0,0.0,0.0,0.0,0.0,0.0,0.0,0.0,0.0,0.0,0.0
MALAWI,0.0,0.0,0.0,25.0,75.0,0.0,0.0,0.0,0.0,0.0,0.0,0.0,0.0,0.0,0.0,0.0,0.0,0.0,0.0,0.0,0.0,0.0,0.0,0.0,0.0,0.0
MALAYSIA,0.0,0.0,0.0,0.0,0.0,0.0,0.0,0.0,0.0,0.0,100.0,0.0,0.0,0.0,0.0,0.0,0.0,0.0,0.0,0.0,0.0,0.0,0.0,0.0,0.0,0.0
MALI,26.92,0.0,0.0,0.0,11.54,0.0,3.85,11.54,0.0,0.0,0.0,0.0,0.0,0.0,0.0,19.23,0.0,11.54,3.85,0.0,3.85,0.0,0.0,3.85,3.85,0.0
MALTA,0.0,0.0,0.0,0.0,100.0,0.0,0.0,0.0,0.0,0.0,0.0,0.0,0.0,0.0,0.0,0.0,0.0,0.0,0.0,0.0,0.0,0.0,0.0,0.0,0.0,0.0
MARSHALL ISLANDS,0.0,0.0,0.0,0.0,0.0,5.88,2.94,0.0,0.0,0.0,0.0,0.0,0.0,0.0,85.29,0.0,0.0,0.0,0.0,0.0,0.0,0.0,5.88,0.0,0.0,0.0
MAURITANIA,3.27,0.65,1.96,3.92,4.58,1.31,3.92,13.73,0.0,0.0,0.0,3.27,0.0,0.0,8.5,11.76,0.65,9.8,0.0,0.0,0.0,0.65,0.0,0.65,0.0,31.37
MAURITIUS,0.0,0.0,0.0,0.0,0.0,0.0,0.0,0.0,0.0,0.0,0.0,0.0,0.0,0.0,50.0,0.0,0.0,0.0,0.0,50.0,0.0,0.0,0.0,0.0,0.0,0.0
MEXICO,8.23,0.6,0.49,0.45,6.66,11.15,2.52,2.14,2.42,0.02,5.97,8.92,6.07,6.77,8.71,0.41,1.13,1.81,6.03,4.68,5.24,2.1,2.51,1.5,2.32,1.17
"MICRONESIA, FEDERATED STATES OF",1.45,0.0,0.0,0.0,2.9,4.35,0.0,0.0,0.0,0.0,0.0,1.45,0.0,0.0,11.59,0.0,0.0,0.0,1.45,0.0,0.0,0.0,59.42,4.35,13.04,0.0
MOLDOVA,26.67,6.67,6.67,0.0,13.33,0.0,0.0,6.67,0.0,0.0,0.0,6.67,0.0,26.67,0.0,0.0,0.0,0.0,0.0,0.0,0.0,0.0,0.0,0.0,6.67,0.0
MONGOLIA,0.0,0.0,0.0,0.0,0.0,0.0,20.0,0.0,0.0,0.0,0.0,0.0,20.0,0.0,0.0,0.0,0.0,0.0,0.0,0.0,0.0,0.0,40.0,0.0,0.0,20.0
MONTENEGRO,0.0,0.0,20.0,0.0,0.0,20.0,0.0,0.0,0.0,0.0,0.0,0.0,0.0,0.0,0.0,20.0,20.0,20.0,0.0,0.0,0.0,0.0,0.0,0.0,0.0,0.0
MONTSERRAT,0.0,0.0,0.0,0.0,0.0,0.0,0.0,0.0,0.0,0.0,0.0,0.0,0.0,0.0,0.0,0.0,0.0,0.0,0.0,0.0,0.0,0.0,0.0,0.0,0.0,100.0
MOROCCO,6.52,0.0,15.22,0.0,0.0,10.87,0.0,0.0,2.17,0.0,0.0,2.17,2.17,8.7,8.7,10.87,2.17,2.17,0.0,2.17,4.35,4.35,0.0,2.17,0.0,15.22
MOZAMBIQUE,0.0,0.0,100.0,0.0,0.0,0.0,0.0,0.0,0.0,0.0,0.0,0.0,0.0,0.0,0.0,0.0,0.0,0.0,0.0,0.0,0.0,0.0,0.0,0.0,0.0,0.0
NAMIBIA,0.0,0.0,0.0,0.0,0.0,0.0,0.0,0.0,0.0,0.0,0.0,0.0,0.0,0.0,0.0,0.0,0.0,100.0,0.0,0.0,0.0,0.0,0.0,0.0,0.0,0.0
NEPAL,0.88,0.88,0.0,1.77,0.0,9.73,1.77,0.88,0.0,0.0,9.73,2.65,0.0,0.88,7.08,7.08,0.88,3.54,0.88,0.0,31.86,0.88,1.77,0.88,0.88,15.04
NETHERLANDS,0.0,0.0,7.14,0.0,0.0,0.0,0.0,0.0,0.0,0.0,0.0,0.0,0.0,42.86,7.14,0.0,0.0,21.43,0.0,14.29,0.0,0.0,0.0,7.14,0.0,0.0
NEW ZEALAND,0.0,0.0,0.0,0.0,0.0,0.0,0.0,0.0,0.0,0.0,0.0,0.0,14.29,14.29,7.14,0.0,0.0,7.14,0.0,28.57,0.0,0.0,21.43,7.14,0.0,0.0
NICARAGUA,8.34,1.53,0.76,0.16,10.79,4.97,1.45,2.08,0.84,0.03,0.61,6.55,5.45,19.21,9.52,0.79,2.34,1.71,1.92,1.63,7.45,0.08,1.45,1.16,4.24,4.97
NIGER,0.0,12.5,0.0,0.0,6.25,25.0,0.0,0.0,0.0,0.0,0.0,18.75,0.0,0.0,6.25,6.25,0.0,18.75,0.0,0.0,6.25,0.0,0.0,0.0,0.0,0.0
NIGERIA,9.52,7.74,4.17,1.19,10.12,13.1,1.79,1.19,1.19,0.0,0.0,11.9,3.57,1.79,5.95,1.79,5.95,8.93,1.79,0.0,2.98,0.0,1.19,0.0,1.19,2.98
NORTH MACEDONIA,0.0,0.0,100.0,0.0,0.0,0.0,0.0,0.0,0.0,0.0,0.0,0.0,0.0,0.0,0.0,0.0,0.0,0.0,0.0,0.0,0.0,0.0,0.0,0.0,0.0,0.0
OMAN,50.0,0.0,0.0,0.0,0.0,0.0,0.0,0.0,0.0,0.0,0.0,0.0,0.0,50.0,0.0,0.0,0.0,0.0,0.0,0.0,0.0,0.0,0.0,0.0,0.0,0.0
PAKISTAN,5.75,5.75,3.45,6.9,8.05,10.34,0.0,3.45,0.0,0.0,1.15,10.34,0.0,0.0,2.3,3.45,3.45,11.49,0.0,1.15,6.9,0.0,1.15,4.6,0.0,10.34
PALAU,20.0,0.0,0.0,0.0,20.0,0.0,0.0,0.0,0.0,0.0,0.0,0.0,0.0,0.0,0.0,0.0,0.0,0.0,0.0,0.0,0.0,0.0,60.0,0.0,0.0,0.0
PANAMA,10.64,0.0,0.0,2.13,2.13,4.26,2.13,4.26,0.0,0.0,0.0,4.26,2.13,21.28,4.26,8.51,0.0,8.51,0.0,2.13,6.38,0.0,4.26,0.0,0.0,12.77
PAPUA NEW GUINEA,0.0,0.0,0.0,0.0,0.0,0.0,0.0,0.0,0.0,0.0,0.0,100.0,0.0,0.0,0.0,0.0,0.0,0.0,0.0,0.0,0.0,0.0,0.0,0.0,0.0,0.0
PARAGUAY,0.0,0.0,0.0,0.0,0.0,0.0,0.0,0.0,0.0,0.0,0.0,12.5,0.0,50.0,0.0,25.0,12.5,0.0,0.0,0.0,0.0,0.0,0.0,0.0,0.0,0.0
PERU,6.17,3.53,4.36,0.9,2.78,1.5,2.41,0.68,0.38,0.0,0.08,1.05,5.19,10.08,1.95,4.21,13.23,3.91,0.53,10.9,2.33,0.3,5.11,1.8,0.3,16.32
PHILIPPINES,8.0,2.67,0.0,0.0,4.0,0.0,1.33,0.0,0.0,0.0,1.33,5.33,10.67,5.33,5.33,1.33,5.33,2.67,1.33,9.33,1.33,5.33,20.0,5.33,1.33,2.67
POLAND,2.33,0.0,6.98,2.33,25.58,2.33,2.33,4.65,0.0,0.0,0.0,4.65,0.0,11.63,4.65,2.33,11.63,6.98,0.0,4.65,2.33,0.0,2.33,2.33,0.0,0.0
PORTUGAL,0.0,0.0,51.22,0.0,0.0,4.88,0.0,4.88,0.0,0.0,0.0,2.44,0.0,7.32,7.32,2.44,9.76,4.88,0.0,2.44,0.0,0.0,2.44,0.0,0.0,0.0
ROMANIA,8.78,3.99,4.26,0.0,7.18,5.05,5.05,1.33,0.0,0.0,0.0,4.79,7.71,9.57,7.18,1.86,2.39,3.99,3.19,5.59,5.05,1.33,3.72,1.86,0.8,5.32
RUSSIA,4.17,1.04,3.47,1.04,3.12,1.74,1.04,2.78,0.35,0.0,0.0,0.69,22.92,17.01,2.43,7.29,1.74,7.29,1.04,0.69,2.78,2.78,7.29,3.47,0.69,3.12
RWANDA,0.0,0.0,54.55,0.0,18.18,9.09,0.0,0.0,0.0,0.0,0.0,0.0,0.0,0.0,0.0,0.0,0.0,0.0,18.18,0.0,0.0,0.0,0.0,0.0,0.0,0.0
SAMOA,0.0,0.0,0.0,0.0,0.0,0.0,0.0,0.0,0.0,0.0,0.0,20.0,20.0,0.0,0.0,0.0,0.0,0.0,0.0,20.0,0.0,0.0,40.0,0.0,0.0,0.0
SAO TOME AND PRINCIPE,0.0,0.0,0.0,0.0,0.0,100.0,0.0,0.0,0.0,0.0,0.0,0.0,0.0,0.0,0.0,0.0,0.0,0.0,0.0,0.0,0.0,0.0,0.0,0.0,0.0,0.0
SAUDI ARABIA,0.0,0.0,0.0,0.0,4.55,9.09,9.09,13.64,4.55,0.0,0.0,0.0,0.0,18.18,22.73,0.0,0.0,0.0,4.55,0.0,9.09,0.0,0.0,4.55,0.0,0.0
SENEGAL,12.65,3.61,2.41,0.6,7.83,0.6,0.6,12.65,0.6,0.0,0.0,0.6,2.41,0.0,7.23,33.73,3.61,3.01,0.6,0.6,0.6,0.0,0.0,0.6,0.0,5.42
SERBIA,0.0,0.0,25.0,0.0,25.0,0.0,0.0,0.0,0.0,0.0,0.0,0.0,0.0,0.0,25.0,0.0,0.0,0.0,0.0,25.0,0.0,0.0,0.0,0.0,0.0,0.0
SERBIA AND MONTENEGRO,0.0,0.0,0.0,0.0,0.0,0.0,0.0,0.0,0.0,0.0,0.0,0.0,0.0,50.0,50.0,0.0,0.0,0.0,0.0,0.0,0.0,0.0,0.0,0.0,0.0,0.0
SIERRA LEONE,16.0,20.0,0.0,4.0,4.0,0.0,0.0,0.0,0.0,0.0,0.0,0.0,0.0,4.0,4.0,4.0,8.0,12.0,0.0,0.0,0.0,0.0,8.0,4.0,0.0,12.0
SINT EUSTATIUS,,,,,,,,,,,,,,,,,,,,,,,,,,
SLOVAKIA,0.0,33.33,0.0,0.0,16.67,0.0,0.0,0.0,0.0,0.0,0.0,0.0,0.0,33.33,0.0,0.0,16.67,0.0,0.0,0.0,0.0,0.0,0.0,0.0,0.0,0.0
SLOVENIA,33.33,0.0,33.33,0.0,0.0,0.0,0.0,0.0,0.0,0.0,0.0,0.0,0.0,0.0,0.0,0.0,0.0,0.0,0.0,0.0,0.0,0.0,33.33,0.0,0.0,0.0
SOMALIA,1.61,0.0,0.0,9.68,6.45,3.23,1.61,8.06,0.0,0.0,0.0,0.0,0.0,1.61,0.0,1.61,0.0,0.0,4.84,8.06,0.0,8.06,0.0,8.06,29.03,8.06
SOUTH AFRICA,0.0,3.57,3.57,0.0,10.71,7.14,3.57,3.57,0.0,0.0,10.71,0.0,0.0,21.43,14.29,0.0,0.0,0.0,3.57,0.0,0.0,0.0,0.0,3.57,10.71,3.57
SOUTH KOREA,11.76,8.82,2.94,2.94,2.94,5.88,0.0,2.94,0.0,0.0,0.0,2.94,20.59,0.0,2.94,0.0,8.82,2.94,0.0,0.0,2.94,2.94,14.71,0.0,0.0,2.94
SOUTH SUDAN,0.0,5.88,0.0,0.0,0.0,0.0,0.0,5.88,0.0,0.0,0.0,0.0,0.0,5.88,11.76,0.0,0.0,5.88,11.76,0.0,0.0,0.0,0.0,0.0,52.94,0.0
SPAIN,5.74,2.46,16.39,3.28,3.28,0.82,0.0,2.46,0.82,0.0,0.82,9.02,0.82,15.57,2.46,2.46,9.84,9.02,0.0,6.56,0.82,0.0,0.0,0.82,3.28,3.28
SRI LANKA,0.0,0.0,5.88,23.53,0.0,11.76,0.0,0.0,0.0,0.0,0.0,41.18,0.0,0.0,0.0,11.76,0.0,0.0,0.0,0.0,0.0,0.0,5.88,0.0,0.0,0.0
ST. KITTS-NEVIS,0.0,0.0,0.0,0.0,0.0,0.0,0.0,0.0,0.0,0.0,0.0,0.0,0.0,85.71,14.29,0.0,0.0,0.0,0.0,0.0,0.0,0.0,0.0,0.0,0.0,0.0
ST. LUCIA,0.0,0.0,7.14,28.57,14.29,0.0,0.0,0.0,0.0,0.0,0.0,0.0,0.0,21.43,0.0,14.29,14.29,0.0,0.0,0.0,0.0,0.0,0.0,0.0,0.0,0.0
ST. VINCENT-GRENADINES,0.0,0.0,50.0,0.0,0.0,0.0,0.0,0.0,0.0,0.0,0.0,50.0,0.0,0.0,0.0,0.0,0.0,0.0,0.0,0.0,0.0,0.0,0.0,0.0,0.0,0.0
SUDAN,1.82,0.0,3.64,5.45,1.82,5.45,3.64,1.82,0.0,0.0,0.0,3.64,3.64,1.82,5.45,1.82,0.0,1.82,5.45,18.18,1.82,5.45,0.0,3.64,18.18,5.45
SURINAME,0.0,16.67,0.0,16.67,0.0,0.0,0.0,0.0,0.0,0.0,0.0,0.0,0.0,50.0,0.0,0.0,0.0,0.0,0.0,16.67,0.0,0.0,0.0,0.0,0.0,0.0
SWEDEN,66.67,0.0,0.0,0.0,0.0,0.0,0.0,0.0,0.0,0.0,0.0,0.0,0.0,0.0,33.33,0.0,0.0,0.0,0.0,0.0,0.0,0.0,0.0,0.0,0.0,0.0
SYRIA,10.0,0.0,3.33,3.33,3.33,6.67,6.67,3.33,0.0,0.0,0.0,6.67,16.67,0.0,0.0,0.0,0.0,3.33,3.33,0.0,16.67,3.33,3.33,0.0,3.33,6.67
TAIWAN,0.0,4.55,4.55,4.55,0.0,18.18,0.0,4.55,4.55,0.0,0.0,22.73,18.18,4.55,4.55,0.0,0.0,0.0,0.0,0.0,0.0,0.0,4.55,0.0,4.55,0.0
TAJIKISTAN,0.0,0.0,0.0,0.0,2.94,0.0,2.94,0.0,0.0,0.0,0.0,0.0,11.76,0.0,0.0,2.94,2.94,70.59,0.0,0.0,0.0,0.0,0.0,0.0,5.88,0.0
TANZANIA,0.0,8.33,8.33,0.0,0.0,16.67,0.0,0.0,0.0,0.0,0.0,8.33,0.0,8.33,8.33,0.0,16.67,0.0,0.0,0.0,0.0,0.0,0.0,8.33,8.33,8.33
THAILAND,7.41,0.0,3.7,3.7,0.0,3.7,3.7,0.0,0.0,0.0,0.0,3.7,7.41,18.52,7.41,0.0,0.0,3.7,3.7,3.7,3.7,0.0,11.11,3.7,7.41,3.7
TOGO,5.88,17.65,0.0,5.88,0.0,0.0,0.0,0.0,0.0,0.0,0.0,0.0,0.0,5.88,0.0,11.76,0.0,0.0,0.0,5.88,11.76,0.0,0.0,0.0,11.76,23.53
TONGA,0.0,0.0,0.0,0.0,0.0,14.29,0.0,0.0,0.0,0.0,0.0,0.0,0.0,0.0,0.0,0.0,0.0,0.0,0.0,28.57,0.0,0.0,57.14,0.0,0.0,0.0
TRINIDAD AND TOBAGO,2.33,4.65,2.33,18.6,0.0,0.0,0.0,0.0,0.0,0.0,2.33,2.33,0.0,32.56,0.0,6.98,9.3,11.63,2.33,2.33,0.0,0.0,0.0,0.0,2.33,0.0
TUNISIA,0.0,0.0,0.0,0.0,0.0,10.0,0.0,0.0,0.0,0.0,0.0,0.0,0.0,30.0,20.0,10.0,0.0,0.0,0.0,0.0,0.0,0.0,0.0,10.0,0.0,20.0
TURKIYE,2.03,3.55,10.15,1.52,0.51,0.0,2.03,4.06,0.51,0.0,1.02,1.52,1.52,6.09,6.09,5.08,15.74,15.23,1.52,0.0,5.58,5.08,3.05,0.0,0.51,7.61
TURKMENISTAN,0.0,0.0,0.0,0.0,33.33,33.33,0.0,0.0,0.0,0.0,0.0,0.0,0.0,0.0,0.0,0.0,0.0,0.0,0.0,0.0,0.0,0.0,0.0,33.33,0.0,0.0
TURKS AND CAICOS ISLANDS,25.0,0.0,0.0,25.0,0.0,0.0,0.0,0.0,0.0,0.0,0.0,0.0,0.0,50.0,0.0,0.0,0.0,0.0,0.0,0.0,0.0,0.0,0.0,0.0,0.0,0.0
UGANDA,0.0,0.0,25.0,0.0,0.0,0.0,12.5,0.0,0.0,0.0,0.0,12.5,0.0,12.5,0.0,0.0,0.0,12.5,12.5,0.0,12.5,0.0,0.0,0.0,0.0,0.0
UKRAINE,9.38,1.56,1.56,1.56,3.12,1.56,0.0,0.0,1.56,0.0,0.0,3.12,3.12,18.75,3.12,9.38,1.56,18.75,4.69,1.56,0.0,1.56,3.12,9.38,0.0,1.56
UNITED ARAB EMIRATES,100.0,0.0,0.0,0.0,0.0,0.0,0.0,0.0,0.0,0.0,0.0,0.0,0.0,0.0,0.0,0.0,0.0,0.0,0.0,0.0,0.0,0.0,0.0,0.0,0.0,0.0
UNITED KINGDOM,6.82,2.27,12.5,1.14,3.41,3.41,2.27,1.14,0.0,0.0,1.14,3.41,6.82,17.05,3.41,3.41,7.95,4.55,0.0,2.27,5.68,1.14,1.14,2.27,1.14,5.68
URUGUAY,4.76,0.0,4.76,0.0,4.76,9.52,0.0,0.0,0.0,0.0,0.0,4.76,0.0,33.33,4.76,0.0,23.81,9.52,0.0,0.0,0.0,0.0,0.0,0.0,0.0,0.0
USSR,12.5,0.0,0.0,12.5,0.0,0.0,0.0,0.0,0.0,0.0,0.0,0.0,37.5,12.5,0.0,0.0,12.5,0.0,0.0,0.0,0.0,0.0,12.5,0.0,0.0,0.0
UZBEKISTAN,3.12,3.91,0.0,0.0,3.91,0.0,0.78,17.97,0.0,0.0,0.0,0.78,0.78,3.12,5.47,14.84,2.34,33.59,0.78,0.0,2.34,0.78,3.91,0.0,0.0,1.56
VENEZUELA,8.97,0.88,0.72,0.74,7.97,13.58,4.73,3.2,4.34,0.04,0.57,3.69,1.57,12.42,5.97,2.33,1.51,2.19,2.69,3.62,9.24,1.01,0.78,1.62,1.41,4.2
VIETNAM,5.7,4.17,2.63,2.19,3.51,8.55,0.22,1.97,1.1,0.0,0.44,5.92,22.59,1.75,9.43,0.66,0.22,1.1,4.39,0.22,2.85,7.68,5.92,0.88,0.88,5.04
YEMEN,0.0,5.88,0.0,5.88,0.0,0.0,0.0,35.29,0.0,0.0,0.0,0.0,5.88,0.0,5.88,11.76,0.0,5.88,0.0,11.76,5.88,0.0,0.0,0.0,0.0,5.88
YUGOSLAVIA,0.0,0.0,0.0,0.0,0.0,0.0,0.0,0.0,0.0,0.0,0.0,0.0,0.0,50.0,0.0,0.0,50.0,0.0,0.0,0.0,0.0,0.0,0.0,0.0,0.0,0.0
ZAMBIA,16.67,0.0,0.0,0.0,16.67,0.0,0.0,0.0,16.67,0.0,0.0,0.0,0.0,33.33,0.0,0.0,0.0,0.0,0.0,16.67,0.0,0.0,0.0,0.0,0.0,0.0
ZIMBABWE,8.33,0.0,8.33,0.0,0.0,41.67,0.0,4.17,0.0,0.0,0.0,4.17,12.5,4.17,4.17,0.0,4.17,4.17,0.0,0.0,0.0,0.0,0.0,0.0,4.17,0.0
